symbol,mode,timestamp,expected_net_pct,actual_return_pct,was_profitable
BTC/USDT,conservative,2026-02-13T03:00:00,0.9616743447648614,1.7880394500841872,True
BTC/USDT,conservative,2026-02-13T14:00:00,0.9451847107650697,1.7740213377151492,True
BTC/USDT,conservative,2026-02-14T11:00:00,0.5413617604824299,1.2639308810247083,True
BTC/USDT,conservative,2026-02-14T11:00:00,0.6119380200751444,1.3354938736533097,True
BTC/USDT,conservative,2026-03-09T03:00:00,0.5837167228561008,1.2859328571987338,True
BTC/USDT,conservative,2026-03-09T03:00:00,0.5907615582271084,1.378615687288189,True
BTC/USDT,conservative,2026-03-09T14:00:00,0.9000160531374038,1.7603446809422385,True
BTC/USDT,conservative,2026-03-09T14:00:00,0.7543135625256197,1.5852967216717067,True
BTC/USDT,conservative,2026-03-13T10:00:00,0.5540267734288972,1.259921184124506,True
BTC/USDT,conservative,2026-03-15T21:00:00,0.6972841486563318,1.531861571687592,True
BTC/USDT,conservative,2026-03-15T09:00:00,0.6471283763968698,1.4680971253337196,True
BTC/USDT,balanced,2025-12-30T14:00:00,0.3953018816461193,1.185665006183607,True
BTC/USDT,balanced,2025-12-30T14:00:00,0.5259273616143124,1.2271299262305948,True
BTC/USDT,balanced,2025-12-30T14:00:00,0.3247255735177084,1.086398905124523,True
BTC/USDT,balanced,2026-01-26T07:00:00,0.3314725400239924,1.0516930496265282,True
BTC/USDT,balanced,2026-01-27T20:00:00,0.43379490793292796,1.2920538502139578,True
BTC/USDT,balanced,2026-01-27T20:00:00,0.321726394475272,1.193497440447184,True
BTC/USDT,balanced,2026-01-27T10:00:00,0.3600761422428894,-1.3871617256946092,False
BTC/USDT,balanced,2026-01-28T13:00:00,0.3340313166261419,1.1229613152349718,True
BTC/USDT,balanced,2026-02-13T13:00:00,0.8365324999711331,1.90227993002321,True
BTC/USDT,balanced,2026-02-13T13:00:00,0.9556369825587517,2.0219204047978487,True
BTC/USDT,balanced,2026-02-13T14:00:00,1.053823420912059,2.004445930794619,True
BTC/USDT,balanced,2026-02-14T08:00:00,0.5007163682247989,1.326853639539945,True
BTC/USDT,balanced,2026-02-14T11:00:00,0.6163090135351234,1.4894349298426803,True
BTC/USDT,balanced,2026-02-14T11:00:00,0.6613819664852274,1.5203823884405123,True
BTC/USDT,balanced,2026-02-14T11:00:00,0.48254270957074524,1.4644041993470809,True
BTC/USDT,balanced,2026-02-25T01:00:00,0.4383871451224298,1.3537046500017165,True
BTC/USDT,balanced,2026-03-03T16:00:00,0.558825387586989,1.4774958234878395,True
BTC/USDT,balanced,2026-03-03T14:00:00,0.5334738158146193,-1.6902642840652853,False
BTC/USDT,balanced,2026-03-03T16:00:00,0.6256444100525187,1.7877902427096748,True
BTC/USDT,balanced,2026-03-04T08:00:00,0.8925736729800765,2.0748257273969997,True
BTC/USDT,balanced,2026-03-04T07:00:00,0.7085635056913616,1.93995922953328,True
BTC/USDT,balanced,2026-03-04T15:00:00,0.7368422378035885,2.042999415343881,True
BTC/USDT,balanced,2026-03-05T15:00:00,0.5073032472853085,-1.6768348098538264,False
BTC/USDT,balanced,2026-03-09T03:00:00,0.46515404524690507,1.4103534852874287,True
BTC/USDT,balanced,2026-03-09T03:00:00,0.6623627785711685,1.565106319209116,True
BTC/USDT,balanced,2026-03-09T14:00:00,0.7530973354493348,1.9553748354101872,True
BTC/USDT,balanced,2026-03-09T13:00:00,0.9465341102661409,1.9916721465598957,True
BTC/USDT,balanced,2026-03-10T02:00:00,0.8416566431771793,1.794751912968571,True
BTC/USDT,balanced,2026-03-10T08:00:00,0.6933941448337557,1.8385864484749357,True
BTC/USDT,balanced,2026-03-10T02:00:00,0.723027745989847,1.80985561767335,True
BTC/USDT,balanced,2026-03-12T02:00:00,0.528660633814763,-1.7436641625623501,False
BTC/USDT,balanced,2026-03-12T11:00:00,0.5009019594210354,1.579182537194603,True
BTC/USDT,balanced,2026-03-13T13:00:00,0.6561065063208305,1.6371201712243197,True
BTC/USDT,balanced,2026-03-13T12:00:00,0.5517982774267904,1.6375053240710407,True
BTC/USDT,balanced,2026-03-13T13:00:00,0.43460124787787385,1.279247959373779,True
BTC/USDT,balanced,2026-03-13T13:00:00,0.3415330244187085,1.239639176971667,True
BTC/USDT,balanced,2026-03-15T22:00:00,0.7780998731231934,1.73537952409734,True
BTC/USDT,balanced,2026-03-15T21:00:00,0.7231379269872945,1.6645301392596747,True
BTC/USDT,balanced,2026-03-16T03:00:00,0.32627371337302075,1.113862138165132,True
BTC/USDT,balanced,2026-03-17T00:00:00,0.5835960168526891,1.7346299143551371,True
BTC/USDT,balanced,2026-03-21T14:00:00,0.36894834832780254,1.2433413833183704,True
BTC/USDT,balanced,2026-03-23T05:00:00,0.38621840430443366,1.1721557271229825,True
BTC/USDT,balanced,2026-03-24T14:00:00,0.36836135298505207,-1.4688834077354167,False
BTC/USDT,balanced,2026-03-24T21:00:00,0.39270641896815545,1.2861948627373476,True
BTC/USDT,balanced,2026-03-24T22:00:00,0.5053040629345381,1.334686385274761,True
BTC/USDT,balanced,2026-03-25T11:00:00,0.4524094909445602,1.4272539589238489,True
BTC/USDT,balanced,2026-03-31T01:00:00,0.3046980817881602,1.0376233264231058,True
BTC/USDT,balanced,2026-04-07T20:00:00,0.3684101410010899,1.0984034796820292,True
BTC/USDT,balanced,2026-04-07T23:00:00,0.43502494898343436,1.2937929683843936,True
BTC/USDT,balanced,2026-04-08T14:00:00,0.5014618723497017,-1.660547688796319,False
BTC/USDT,balanced,2026-04-10T20:00:00,0.38093719242499535,1.294639584493303,True
BTC/USDT,aggressive,2026-01-04T00:00:00,1.4201691617739247,3.589473686790294,True
BTC/USDT,aggressive,2026-01-13T22:00:00,0.274239907063574,1.1218939121204146,True
BTC/USDT,aggressive,2026-01-13T22:00:00,0.36191689930034926,1.2129415876266787,True
BTC/USDT,aggressive,2026-01-26T01:00:00,0.21743937805888905,1.1330136213591817,True
BTC/USDT,aggressive,2026-01-26T02:00:00,0.39803374519461526,1.2498645802828288,True
BTC/USDT,aggressive,2026-01-26T07:00:00,0.46615201452247024,1.3140131496412772,True
BTC/USDT,aggressive,2026-01-28T10:00:00,0.6585903278605004,1.6900173127674236,True
BTC/USDT,aggressive,2026-01-26T17:00:00,0.3209805868433382,-1.2522860730243917,False
BTC/USDT,aggressive,2026-01-27T17:00:00,0.46849030013722504,-1.598389496872223,False
BTC/USDT,aggressive,2026-01-27T15:00:00,0.5162046264529216,-1.5978872486243296,False
BTC/USDT,aggressive,2026-01-29T02:00:00,0.4687452848461558,-1.4889594954788012,False
BTC/USDT,aggressive,2026-01-29T02:00:00,0.38323387721296515,-1.5545873850999854,False
BTC/USDT,aggressive,2026-01-29T02:00:00,0.5323893228527353,-1.580285183711486,False
BTC/USDT,aggressive,2026-02-08T11:00:00,1.3650256833309056,3.5930638879827037,True
BTC/USDT,aggressive,2026-02-08T08:00:00,1.2135949285501841,3.4731498580889566,True
BTC/USDT,aggressive,2026-02-08T23:00:00,1.3386818755323266,3.436817325122151,True
BTC/USDT,aggressive,2026-02-10T14:00:00,0.7656073769922213,-2.3171773350334193,False
BTC/USDT,aggressive,2026-02-13T11:00:00,0.7600783646604721,2.3861189823155664,True
BTC/USDT,aggressive,2026-02-13T13:00:00,1.1664978203389436,2.4527999125290365,True
BTC/USDT,aggressive,2026-02-13T14:00:00,1.3153976182783165,2.6023505059973018,True
BTC/USDT,aggressive,2026-02-13T15:00:00,1.4356510921121817,2.5805074134932835,True
BTC/USDT,aggressive,2026-02-13T15:00:00,0.8964193483556294,2.499562599275211,True
BTC/USDT,aggressive,2026-02-13T14:00:00,0.49769744801877247,1.8388077324721686,True
BTC/USDT,aggressive,2026-02-13T16:00:00,0.3431968794527491,1.5213938641702418,True
BTC/USDT,aggressive,2026-02-14T11:00:00,0.87957705476755,1.8720484458676627,True
BTC/USDT,aggressive,2026-02-15T07:00:00,0.9775462186894142,1.9714414911851381,True
BTC/USDT,aggressive,2026-02-14T11:00:00,0.8683943499958925,1.9536387760992198,True
BTC/USDT,aggressive,2026-02-14T11:00:00,0.798128368183251,1.8296545010853382,True
BTC/USDT,aggressive,2026-02-16T12:00:00,0.44552318853601014,1.7270617209181427,True
BTC/USDT,aggressive,2026-02-20T05:00:00,0.5725454294827246,1.945055322758404,True
BTC/USDT,aggressive,2026-02-20T05:00:00,0.5999235906225611,1.9340813578904597,True
BTC/USDT,aggressive,2026-02-20T05:00:00,0.4830930923757233,1.823820334927716,True
BTC/USDT,aggressive,2026-02-21T15:00:00,0.5935968426543682,1.8103178358387861,True
BTC/USDT,aggressive,2026-02-24T16:00:00,0.49832982373390206,1.9247570941881083,True
BTC/USDT,aggressive,2026-02-25T01:00:00,0.5912395092905743,1.9887421662291627,True
BTC/USDT,aggressive,2026-02-25T01:00:00,0.5469376763237995,1.866048859339936,True
BTC/USDT,aggressive,2026-02-25T01:00:00,0.4953002595010369,1.7806613528477944,True
BTC/USDT,aggressive,2026-02-25T15:00:00,0.6610343737245514,2.215785787182406,True
BTC/USDT,aggressive,2026-02-25T15:00:00,0.7115169518036691,2.0899520768281925,True
BTC/USDT,aggressive,2026-02-25T14:00:00,0.524403763661466,1.9465104759599203,True
BTC/USDT,aggressive,2026-02-25T16:00:00,0.565523356281822,2.027361324023487,True
BTC/USDT,aggressive,2026-02-28T17:00:00,0.722710486155046,2.1579763069259617,True
BTC/USDT,aggressive,2026-03-02T15:00:00,0.6311288801650529,2.022980035025758,True
BTC/USDT,aggressive,2026-03-02T01:00:00,0.6707128669273628,2.2177636452144096,True
BTC/USDT,aggressive,2026-03-03T16:00:00,0.5542485845278172,1.9060193970243604,True
BTC/USDT,aggressive,2026-03-03T16:00:00,0.8161849085799514,1.9218197793597667,True
BTC/USDT,aggressive,2026-03-03T14:00:00,0.7866862717456069,-1.9683571408783291,False
BTC/USDT,aggressive,2026-03-03T16:00:00,0.904946010734842,2.309687803387121,True
BTC/USDT,aggressive,2026-03-04T08:00:00,0.9259133015205895,2.960479790803451,True
BTC/USDT,aggressive,2026-03-04T08:00:00,1.0566792940944494,2.939551010825296,True
BTC/USDT,aggressive,2026-03-04T08:00:00,1.239056932432361,2.668482159246257,True
BTC/USDT,aggressive,2026-03-04T08:00:00,1.0100886116894394,2.499899036916592,True
BTC/USDT,aggressive,2026-03-04T09:00:00,0.7625952104317469,2.1752690109223547,True
BTC/USDT,aggressive,2026-03-04T17:00:00,0.8514009912180709,2.5330693106628934,True
BTC/USDT,aggressive,2026-03-04T15:00:00,1.0470456974815643,2.6286992691798647,True
BTC/USDT,aggressive,2026-03-04T17:00:00,0.8644346623216309,2.63175918551136,True
BTC/USDT,aggressive,2026-03-05T15:00:00,0.6428672359110097,-2.1626165768457573,False
BTC/USDT,aggressive,2026-03-05T16:00:00,0.5764012226864026,-1.9154639502002913,False
BTC/USDT,aggressive,2026-03-09T03:00:00,0.699659882928836,1.83789185660928,True
BTC/USDT,aggressive,2026-03-09T05:00:00,0.9452710019704886,2.031332899011357,True
BTC/USDT,aggressive,2026-03-10T02:00:00,1.0651329302671386,2.519168544262728,True
BTC/USDT,aggressive,2026-03-10T02:00:00,1.3035639634215699,2.56454018319984,True
BTC/USDT,aggressive,2026-03-10T02:00:00,1.1704820958045532,2.3183898912107104,True
BTC/USDT,aggressive,2026-03-10T08:00:00,0.9892731624100654,2.3731830605936732,True
BTC/USDT,aggressive,2026-03-10T08:00:00,1.0250626461552281,2.3372695220916953,True
BTC/USDT,aggressive,2026-03-10T08:00:00,0.6787488148339342,2.2226963636705204,True
BTC/USDT,aggressive,2026-03-13T00:00:00,0.6642018491754942,2.210781851955168,True
BTC/USDT,aggressive,2026-03-12T02:00:00,0.665301716980596,-2.0274153082130213,False
BTC/USDT,aggressive,2026-03-12T02:00:00,0.6001004146506246,-1.9469223412887255,False
BTC/USDT,aggressive,2026-03-13T00:00:00,0.747207392987137,2.0489281714932415,True
BTC/USDT,aggressive,2026-03-12T11:00:00,0.4459088523077217,1.5127638599970323,True
BTC/USDT,aggressive,2026-03-13T13:00:00,0.6427023509818268,2.117073531079823,True
BTC/USDT,aggressive,2026-03-13T13:00:00,0.8109906872022056,2.121831655088797,True
BTC/USDT,aggressive,2026-03-13T13:00:00,0.5554823382379587,1.6892285656770454,True
BTC/USDT,aggressive,2026-03-13T13:00:00,0.4940764207203281,1.6166028067865177,True
BTC/USDT,aggressive,2026-03-13T13:00:00,0.4124545539908904,1.602809154816388,True
BTC/USDT,aggressive,2026-03-13T16:00:00,0.5696568866359247,-1.748783245786777,False
BTC/USDT,aggressive,2026-03-15T22:00:00,1.0911219728267205,2.244174405121669,True
BTC/USDT,aggressive,2026-03-15T22:00:00,1.0220745297882705,2.1556126740746144,True
BTC/USDT,aggressive,2026-03-15T22:00:00,0.6575013595279334,2.0697285046724736,True
BTC/USDT,aggressive,2026-03-16T03:00:00,0.25099536858726285,1.2932820057969316,True
BTC/USDT,aggressive,2026-03-16T03:00:00,0.5226629844610707,1.4672776727064174,True
BTC/USDT,aggressive,2026-03-17T00:00:00,0.4898168763324301,1.8549514751756744,True
BTC/USDT,aggressive,2026-03-17T01:00:00,0.60054079113417,2.1495280943011585,True
BTC/USDT,aggressive,2026-03-17T01:00:00,0.8521439808980307,2.243237392943918,True
BTC/USDT,aggressive,2026-03-18T11:00:00,0.539967086569713,-1.8515403508342114,False
BTC/USDT,aggressive,2026-03-18T12:00:00,0.5072675413462204,-1.8279922892455471,False
BTC/USDT,aggressive,2026-03-21T23:00:00,0.5778747200738659,-1.6886272449865312,False
BTC/USDT,aggressive,2026-03-22T21:00:00,0.400283053417564,-1.6373568481638945,False
BTC/USDT,aggressive,2026-03-23T11:00:00,0.35869382382983467,1.53579505209452,True
BTC/USDT,aggressive,2026-03-26T15:00:00,0.9283490885559055,-2.3558604140159276,False
BTC/USDT,aggressive,2026-03-24T23:00:00,0.41817517352110356,1.5706111007940922,True
BTC/USDT,aggressive,2026-03-24T23:00:00,0.8218226880154164,1.6987640257503656,True
BTC/USDT,aggressive,2026-03-25T10:00:00,0.8061603193843507,1.8951078186380952,True
BTC/USDT,aggressive,2026-03-26T09:00:00,0.6843655296491262,-1.8541485630314585,False
BTC/USDT,aggressive,2026-03-26T05:00:00,0.3307048186131343,-1.5965495849957725,False
BTC/USDT,aggressive,2026-03-26T05:00:00,0.2898049382224277,-1.4749789201454464,False
BTC/USDT,aggressive,2026-03-30T19:00:00,0.5010846626772697,-1.77766257652906,False
BTC/USDT,aggressive,2026-03-31T01:00:00,0.4253471025515043,1.4131010114728781,True
BTC/USDT,aggressive,2026-03-31T01:00:00,0.49451717859263744,1.3719791580289016,True
BTC/USDT,aggressive,2026-03-31T01:00:00,0.37301038419400023,1.3997011696033572,True
BTC/USDT,aggressive,2026-03-31T17:00:00,0.57297585443238,1.8737658661010355,True
BTC/USDT,aggressive,2026-04-02T02:00:00,0.7617171371770629,-2.1924873675978436,False
BTC/USDT,aggressive,2026-04-02T02:00:00,0.7543539028512458,-2.1342394601773758,False
BTC/USDT,aggressive,2026-04-06T09:00:00,0.26997508215668164,1.2705796062328962,True
BTC/USDT,aggressive,2026-04-06T09:00:00,0.2687599991803672,1.338518333452063,True
BTC/USDT,aggressive,2026-04-06T09:00:00,0.25186786783734527,1.2663584364118794,True
BTC/USDT,aggressive,2026-04-07T14:00:00,0.3586703722343062,-1.4875364766139372,False
BTC/USDT,aggressive,2026-04-07T14:00:00,0.4062678686391253,-1.5781635974949921,False
BTC/USDT,aggressive,2026-04-07T14:00:00,0.34895375025903774,-1.510637194862358,False
BTC/USDT,aggressive,2026-04-07T14:00:00,0.37682654941725796,-1.415317729116792,False
BTC/USDT,aggressive,2026-04-07T17:00:00,0.30438868656687484,1.227025604255551,True
BTC/USDT,aggressive,2026-04-07T22:00:00,0.45397926795640864,1.5295983719366812,True
BTC/USDT,aggressive,2026-04-09T22:00:00,0.6395354496552769,1.9515939153558988,True
BTC/USDT,aggressive,2026-04-11T18:00:00,0.5918473925425065,2.148401768306189,True
BTC/USDT,aggressive,2026-04-11T19:00:00,0.480372781770318,1.5916379702612276,True
BTC/USDT,aggressive,2026-04-10T14:00:00,0.30238237026891673,1.4563254714508373,True
BTC/USDT,aggressive,2026-04-12T01:00:00,0.3342246181026616,-1.413679284083293,False
BTC/USDT,aggressive,2026-04-13T19:00:00,0.34696006164604537,1.3196750287545174,True
BTC/USDT,aggressive,2026-04-13T22:00:00,0.41283847866596773,1.5920938047685547,True
BTC/USDT,aggressive,2026-04-14T14:00:00,0.3290396105474866,1.4985847705906559,True
BTC/USDT,aggressive,2026-04-14T14:00:00,0.3467963951087678,1.3818558502276608,True
BTC/USDT,aggressive,2026-04-14T17:00:00,0.2686095202305169,-1.3752765265494917,False
ETH/USDT,conservative,2026-03-03T14:00:00,0.6584487333254156,-1.6837541564311422,False
ETH/USDT,conservative,2026-03-03T16:00:00,0.8233524225180301,1.9874867157078386,True
ETH/USDT,conservative,2026-03-04T12:00:00,0.8127396414573154,-1.8760060877765483,False
ETH/USDT,conservative,2026-03-10T08:00:00,0.794278110463786,2.0804717719535115,True
ETH/USDT,conservative,2026-03-15T21:00:00,0.929568889875694,2.1557570393580545,True
ETH/USDT,conservative,2026-03-20T08:00:00,0.6596943390179069,1.8076124605972788,True
ETH/USDT,balanced,2026-03-03T16:00:00,0.7191805449311652,2.006790260718584,True
ETH/USDT,balanced,2026-03-03T16:00:00,0.8997909028686841,2.241629684119811,True
ETH/USDT,balanced,2026-03-04T15:00:00,0.8831174347689887,2.3272101462942514,True
ETH/USDT,balanced,2026-03-10T09:00:00,0.8606895019327616,2.344946413281689,True
ETH/USDT,balanced,2026-03-15T22:00:00,1.014333652839141,2.42859671039784,True
ETH/USDT,balanced,2026-03-20T08:00:00,0.718879535435173,2.0417694006636156,True
ETH/USDT,balanced,2026-03-31T01:00:00,0.5206205171601374,1.6129086044738314,True
ETH/USDT,balanced,2026-03-31T01:00:00,0.5119683395278373,1.597028327463751,True
ETH/USDT,balanced,2026-04-07T10:00:00,0.41725429709002365,-1.5339832005623384,False
ETH/USDT,balanced,2026-04-07T17:00:00,0.4033573957957826,1.356263070478695,True
ETH/USDT,aggressive,2026-01-06T14:00:00,0.5722689919770372,1.9167168992062698,True
ETH/USDT,aggressive,2026-02-13T14:00:00,1.042748132338491,2.8241346192113386,True
ETH/USDT,aggressive,2026-02-15T12:00:00,0.8092216385925679,-2.315463041605646,False
ETH/USDT,aggressive,2026-02-15T12:00:00,0.9436093354900896,-2.3630869786276607,False
ETH/USDT,aggressive,2026-02-14T11:00:00,0.8365230265817548,2.6037160069263336,True
ETH/USDT,aggressive,2026-02-15T12:00:00,0.7407829011186473,-2.266333299386625,False
ETH/USDT,aggressive,2026-02-15T12:00:00,0.6786582711896166,-2.2359370791580893,False
ETH/USDT,aggressive,2026-02-25T01:00:00,0.7418593852306707,2.304788989423644,True
ETH/USDT,aggressive,2026-02-25T01:00:00,0.7002680472204694,2.187808141123097,True
ETH/USDT,aggressive,2026-02-25T01:00:00,0.5441023183204519,2.000131408607804,True
ETH/USDT,aggressive,2026-03-02T15:00:00,1.2742219891981659,3.485143987607078,True
ETH/USDT,aggressive,2026-03-03T16:00:00,1.0500356579375527,2.7196190820478052,True
ETH/USDT,aggressive,2026-03-04T08:00:00,0.9325304178897869,2.545465654499696,True
ETH/USDT,aggressive,2026-03-03T16:00:00,0.8764578669584475,2.610315567128534,True
ETH/USDT,aggressive,2026-03-04T15:00:00,1.232863768543849,2.9839626828678045,True
ETH/USDT,aggressive,2026-03-04T15:00:00,1.005124946138517,3.14595321394324,True
ETH/USDT,aggressive,2026-03-04T16:00:00,1.0543027157158407,3.254330670157975,True
ETH/USDT,aggressive,2026-03-05T16:00:00,0.8362078058711777,-2.5016566476051025,False
ETH/USDT,aggressive,2026-03-10T08:00:00,1.0904937070989682,3.187970515042905,True
ETH/USDT,aggressive,2026-03-10T15:00:00,1.2056906567781023,3.006133016602109,True
ETH/USDT,aggressive,2026-03-12T10:00:00,0.7065788397634511,2.1954925054329126,True
ETH/USDT,aggressive,2026-03-13T13:00:00,0.9969449051222866,2.977774394284526,True
ETH/USDT,aggressive,2026-03-13T13:00:00,1.0791778124014235,3.02262692987099,True
ETH/USDT,aggressive,2026-03-13T15:00:00,0.8500764097927587,-2.4726364405463372,False
ETH/USDT,aggressive,2026-03-15T22:00:00,1.1202799824163496,3.222790991869548,True
ETH/USDT,aggressive,2026-03-15T22:00:00,1.1784974370887928,3.052996962131185,True
ETH/USDT,aggressive,2026-03-15T22:00:00,0.8669556269648364,2.8401811430605868,True
ETH/USDT,aggressive,2026-03-16T13:00:00,0.9661102807224774,2.8214673693536554,True
ETH/USDT,aggressive,2026-03-18T12:00:00,0.8766044238336077,-2.587138259971182,False
ETH/USDT,aggressive,2026-03-18T11:00:00,0.9025636875738291,-2.5054332933286902,False
ETH/USDT,aggressive,2026-03-17T04:00:00,0.8664317189769869,-2.5452601098300733,False
ETH/USDT,aggressive,2026-03-18T11:00:00,0.8310763969572486,-2.4949347354219658,False
ETH/USDT,aggressive,2026-03-21T23:00:00,0.7915615228519239,-2.2256270684240302,False
ETH/USDT,aggressive,2026-03-23T11:00:00,0.4982470249696905,1.7272055366953032,True
ETH/USDT,aggressive,2026-03-23T11:00:00,0.6343716448437672,2.0373204290727145,True
ETH/USDT,aggressive,2026-03-26T02:00:00,0.39602386568499265,-1.6818697853047504,False
ETH/USDT,aggressive,2026-03-28T13:00:00,0.4861464176441444,1.90381519968289,True
ETH/USDT,aggressive,2026-03-31T16:00:00,0.6809810584685527,2.2327328913369637,True
ETH/USDT,aggressive,2026-03-31T01:00:00,0.6646570405820715,2.127180828433075,True
ETH/USDT,aggressive,2026-03-31T01:00:00,0.5880317463872794,2.0865479318691933,True
ETH/USDT,aggressive,2026-03-31T01:00:00,0.6559352016946215,2.1659338738671376,True
ETH/USDT,aggressive,2026-04-02T03:00:00,1.063515341962388,-2.668399611552969,False
ETH/USDT,aggressive,2026-04-06T09:00:00,0.5574489720036675,1.7284665174573044,True
ETH/USDT,aggressive,2026-04-06T09:00:00,0.5564299033304715,1.9078062092728036,True
ETH/USDT,aggressive,2026-04-06T23:00:00,0.5446942301157238,-1.941683290554805,False
ETH/USDT,aggressive,2026-04-06T23:00:00,0.42387488973632864,-1.774249319225166,False
ETH/USDT,aggressive,2026-04-06T23:00:00,0.46675979390993494,-1.8574375805892398,False
ETH/USDT,aggressive,2026-04-07T12:00:00,0.5419215815834266,-1.7459345663357189,False
ETH/USDT,aggressive,2026-04-07T14:00:00,0.6547342954950501,-1.8860137059191349,False
ETH/USDT,aggressive,2026-04-07T14:00:00,0.4892659732151361,-1.7885208667421229,False
ETH/USDT,aggressive,2026-04-07T17:00:00,0.6225757193424761,1.7702788380983663,True
ETH/USDT,aggressive,2026-04-09T01:00:00,0.6604487325293364,-2.0794538785466714,False
ETH/USDT,aggressive,2026-04-09T22:00:00,0.8356860792090616,2.3841957800657214,True
ETH/USDT,aggressive,2026-04-09T15:00:00,0.410465196667008,1.6985724095481949,True
ETH/USDT,aggressive,2026-04-11T18:00:00,0.5143979457378267,1.7190194385946655,True
ETH/USDT,aggressive,2026-04-11T18:00:00,0.4175559334428246,1.7147439264136477,True
ETH/USDT,aggressive,2026-04-13T14:00:00,0.44624581417445974,1.7304159074875531,True
ETH/USDT,aggressive,2026-04-13T22:00:00,0.5341015426309924,1.8700702012273571,True
ETH/USDT,aggressive,2026-04-13T22:00:00,0.675015920184208,2.1420516356185084,True
ETH/USDT,aggressive,2026-04-14T18:00:00,0.8351832364695073,-2.4743200298000514,False
ETH/USDT,aggressive,2026-04-15T19:00:00,0.7266139825161589,2.42016560632708,True
ETH/USDT,aggressive,2026-04-15T19:00:00,0.7105912319746567,2.292683840104891,True
ETH/USDT,aggressive,2026-04-16T19:00:00,0.4010209179385415,1.6459051923680024,True
ETH/USDT,aggressive,2026-04-20T07:00:00,0.4839409587882298,1.6824660233514268,True
SOL/USDT,conservative,2026-02-13T16:00:00,0.7229261781227452,1.601002674816882,True
SOL/USDT,conservative,2026-02-25T01:00:00,0.6963538813962056,1.5121079729067208,True
SOL/USDT,conservative,2026-02-25T01:00:00,0.6843459426155089,1.5221655018426183,True
SOL/USDT,conservative,2026-02-28T14:00:00,1.1739907672789947,2.363720437671539,True
SOL/USDT,conservative,2026-02-28T14:00:00,1.1229260515686061,2.2561249940280192,True
SOL/USDT,balanced,2026-02-13T08:00:00,1.1312240151349435,2.573732469540259,True
SOL/USDT,balanced,2026-02-13T08:00:00,1.0572979944220635,2.7130473013410366,True
SOL/USDT,balanced,2026-02-13T13:00:00,1.2265672640522025,2.655962124635581,True
SOL/USDT,balanced,2026-02-13T10:00:00,0.8900189994611168,2.176672242613658,True
SOL/USDT,balanced,2026-02-13T14:00:00,0.8679144989743388,2.0153611546111008,True
SOL/USDT,balanced,2026-02-13T15:00:00,0.6391241880820511,1.7260360342743517,True
SOL/USDT,balanced,2026-02-13T15:00:00,0.5815414838514471,1.6834539828834765,True
SOL/USDT,balanced,2026-02-13T18:00:00,0.8168304499361543,2.179009917582421,True
SOL/USDT,balanced,2026-02-14T11:00:00,0.9230468267749377,2.430902655916524,True
SOL/USDT,balanced,2026-02-14T11:00:00,0.9621130917716122,2.530874310108253,True
SOL/USDT,balanced,2026-02-14T14:00:00,0.9673646697045364,2.4804032474408597,True
SOL/USDT,balanced,2026-02-24T17:00:00,0.8835892646209067,2.108417391304358,True
SOL/USDT,balanced,2026-02-24T22:00:00,0.6817306421971157,1.9407367436702965,True
SOL/USDT,balanced,2026-02-25T01:00:00,0.7191318103088086,1.8554455941083816,True
SOL/USDT,balanced,2026-02-25T01:00:00,0.7328930030548547,1.7172455655597243,True
SOL/USDT,balanced,2026-02-25T01:00:00,0.7606857617183044,1.6965611930526587,True
SOL/USDT,balanced,2026-02-25T01:00:00,0.7258463834505924,1.6944564375237419,True
SOL/USDT,balanced,2026-02-25T12:00:00,0.7933221380365856,2.197915811846684,True
SOL/USDT,balanced,2026-02-25T11:00:00,0.8427767805926655,2.273730026357407,True
SOL/USDT,balanced,2026-02-25T13:00:00,0.9374826028147172,2.2354648497384066,True
SOL/USDT,balanced,2026-02-25T14:00:00,0.9496766423367411,2.1763983280833425,True
SOL/USDT,balanced,2026-02-25T14:00:00,0.8734482693042781,2.2211856474739946,True
SOL/USDT,balanced,2026-02-25T15:00:00,0.9194180481796401,2.267725687698122,True
SOL/USDT,balanced,2026-02-28T11:00:00,0.8341664949920433,2.1884813490016928,True
SOL/USDT,balanced,2026-02-28T13:00:00,1.0495666309049037,2.524314867982579,True
SOL/USDT,balanced,2026-02-28T14:00:00,1.2879042460664296,2.6596671529683684,True
SOL/USDT,balanced,2026-02-28T14:00:00,1.234324243557633,2.5401166600311416,True
SOL/USDT,balanced,2026-03-02T00:00:00,1.1913436106655346,2.7840158261596972,True
SOL/USDT,balanced,2026-03-02T01:00:00,1.1354626904431695,2.842139614235643,True
SOL/USDT,balanced,2026-04-09T22:00:00,0.5936323783260203,1.6489418094899018,True
SOL/USDT,aggressive,2026-02-06T22:00:00,3.4866168050222135,8.974859674127314,True
SOL/USDT,aggressive,2026-02-13T10:00:00,1.0614926027975633,3.1778792202772106,True
SOL/USDT,aggressive,2026-02-13T08:00:00,1.3385411515348236,3.486822632048149,True
SOL/USDT,aggressive,2026-02-13T14:00:00,1.691920073330679,3.5527091000548876,True
SOL/USDT,aggressive,2026-02-13T14:00:00,1.6981835243687289,3.4859195911304806,True
SOL/USDT,aggressive,2026-02-13T14:00:00,1.2381073214494696,2.7957903032670863,True
SOL/USDT,aggressive,2026-02-13T15:00:00,1.2074833032899523,2.594151443263871,True
SOL/USDT,aggressive,2026-02-13T15:00:00,0.9201795972225167,2.232495042842913,True
SOL/USDT,aggressive,2026-02-13T15:00:00,0.848519915676501,2.1792674786043476,True
SOL/USDT,aggressive,2026-02-14T08:00:00,1.14824020427007,2.7987123969780194,True
SOL/USDT,aggressive,2026-02-14T11:00:00,1.284148542605957,3.113578319895667,True
SOL/USDT,aggressive,2026-02-14T16:00:00,1.098397330344496,3.3446189910904067,True
SOL/USDT,aggressive,2026-02-14T16:00:00,1.1556971422711066,3.3381277381232968,True
SOL/USDT,aggressive,2026-02-14T11:00:00,1.3342929311116976,3.238542887635323,True
SOL/USDT,aggressive,2026-02-14T16:00:00,1.3396600947883304,3.175454059301084,True
SOL/USDT,aggressive,2026-02-20T00:00:00,0.8234725109064117,2.3556457986313686,True
SOL/USDT,aggressive,2026-02-20T18:00:00,0.8448007737318634,2.77126854213338,True
SOL/USDT,aggressive,2026-02-20T18:00:00,0.773291603485561,2.351391648510002,True
SOL/USDT,aggressive,2026-02-20T13:00:00,0.7054396972900369,-1.953961169764805,False
SOL/USDT,aggressive,2026-02-24T23:00:00,1.1597588050296141,3.331076561101995,True
SOL/USDT,aggressive,2026-02-24T22:00:00,0.9781171645009237,2.9045712491633875,True
SOL/USDT,aggressive,2026-02-24T22:00:00,1.077828265269578,2.8288965194296796,True
SOL/USDT,aggressive,2026-02-24T22:00:00,1.0518633744880785,2.7335617484508465,True
SOL/USDT,aggressive,2026-02-24T23:00:00,0.9771392333708038,2.500870929587892,True
SOL/USDT,aggressive,2026-02-25T01:00:00,1.0212560765937966,2.394256992635485,True
SOL/USDT,aggressive,2026-02-25T01:00:00,1.0351923505794007,2.2215069569496677,True
SOL/USDT,aggressive,2026-02-25T01:00:00,1.0688931704217943,2.195651491315803,True
SOL/USDT,aggressive,2026-02-25T01:00:00,1.0260452681665957,2.1930205469046746,True
SOL/USDT,aggressive,2026-02-25T14:00:00,1.1197649084628674,2.8223447648083697,True
SOL/USDT,aggressive,2026-02-25T13:00:00,1.1793644244726076,2.975628152031447,True
SOL/USDT,aggressive,2026-02-25T12:00:00,1.1821529447959076,2.9171125329467498,True
SOL/USDT,aggressive,2026-02-25T14:00:00,1.297683378370566,2.869281062173034,True
SOL/USDT,aggressive,2026-02-25T14:00:00,1.3113951097353342,2.7954479101041856,True
SOL/USDT,aggressive,2026-02-25T15:00:00,1.218705722771164,2.8514320593425087,True
SOL/USDT,aggressive,2026-02-25T16:00:00,1.2761831651071365,2.9096071096226575,True
SOL/USDT,aggressive,2026-02-25T17:00:00,0.9884644911252211,2.677821199282218,True
SOL/USDT,aggressive,2026-02-28T13:00:00,1.1697423434563603,2.810551686252127,True
SOL/USDT,aggressive,2026-02-28T13:00:00,1.4415948684797393,3.2303435849782165,True
SOL/USDT,aggressive,2026-02-28T18:00:00,1.737318780492641,3.399533941210454,True
SOL/USDT,aggressive,2026-02-28T18:00:00,1.6689224206304092,3.2500958250389003,True
SOL/USDT,aggressive,2026-02-28T20:00:00,1.4868579668606683,3.971572381011125,True
SOL/USDT,aggressive,2026-03-01T02:00:00,1.5690947538371542,3.9034480975543553,True
SOL/USDT,aggressive,2026-03-02T15:00:00,1.2602783597638378,3.4200693765984123,True
SOL/USDT,aggressive,2026-03-02T15:00:00,1.5948598961313305,3.6219736013986057,True
SOL/USDT,aggressive,2026-03-02T15:00:00,1.565207688688663,3.6996227529049954,True
SOL/USDT,aggressive,2026-03-10T14:00:00,0.9961537374852548,2.9644037526426916,True
SOL/USDT,aggressive,2026-03-10T14:00:00,0.9775217398425641,2.874713352506171,True
SOL/USDT,aggressive,2026-04-09T16:00:00,0.5515677312066083,2.0236335276436,True
SOL/USDT,aggressive,2026-04-09T15:00:00,0.48625581998465084,1.8184885007227325,True
SOL/USDT,aggressive,2026-04-09T23:00:00,0.5229864965118083,-1.8534775745506764,False
SOL/USDT,aggressive,2026-04-10T03:00:00,0.642487630831936,-2.0679348797501613,False
SOL/USDT,aggressive,2026-04-10T03:00:00,0.9033959966270173,-2.0977805177236415,False
SOL/USDT,aggressive,2026-04-10T14:00:00,0.6404109957187878,2.090419853193685,True
SOL/USDT,aggressive,2026-04-12T01:00:00,0.4313484111241373,-1.7699196393210845,False
SOL/USDT,aggressive,2026-04-13T22:00:00,0.7165194253844721,2.1714501276574003,True
SOL/USDT,aggressive,2026-04-15T17:00:00,0.46691832470932526,1.8373181054331837,True
SOL/USDT,aggressive,2026-04-16T15:00:00,0.5263718276630986,1.7705333698380794,True
SOL/USDT,aggressive,2026-04-16T15:00:00,0.49413189690099385,1.8528826797056146,True
BNB/USDT,conservative,2026-02-13T15:00:00,0.5902274000088655,1.2772216830176772,True
BNB/USDT,conservative,2026-02-19T21:00:00,0.5537628394826802,1.235128159681819,True
BNB/USDT,conservative,2026-02-25T15:00:00,0.5243127285946636,1.2728898455408777,True
BNB/USDT,conservative,2026-02-28T14:00:00,0.6950729951941905,1.4778058504248017,True
BNB/USDT,balanced,2026-02-13T15:00:00,0.5642851954079888,1.4877226427550194,True
BNB/USDT,balanced,2026-02-13T15:00:00,0.7069197507495752,1.5062259827468873,True
BNB/USDT,balanced,2026-02-14T11:00:00,0.5486194805668415,1.6751492820919731,True
BNB/USDT,balanced,2026-02-16T12:00:00,0.5831291843056239,1.7037351093862747,True
BNB/USDT,balanced,2026-02-16T12:00:00,0.6218806521391049,1.6496865981246795,True
BNB/USDT,balanced,2026-02-20T00:00:00,0.5263222511383097,1.3017858054746592,True
BNB/USDT,balanced,2026-02-20T15:00:00,0.5596623580079906,1.3795965732899866,True
BNB/USDT,balanced,2026-02-25T01:00:00,0.531966440308005,1.6048316910432694,True
BNB/USDT,balanced,2026-02-25T12:00:00,0.485666218539196,1.3785690683622904,True
BNB/USDT,balanced,2026-02-25T13:00:00,0.5126327799170336,1.3877031481657043,True
BNB/USDT,balanced,2026-02-25T15:00:00,0.5907304640523506,1.4476331617121012,True
BNB/USDT,balanced,2026-02-28T09:00:00,0.40920523340945597,-1.555736470412421,False
BNB/USDT,balanced,2026-02-28T13:00:00,0.5215590015193425,1.5486310286042675,True
BNB/USDT,balanced,2026-02-28T18:00:00,0.7785323200634254,1.67531761158313,True
BNB/USDT,balanced,2026-03-02T01:00:00,0.5072339182278732,1.4720444670931572,True
BNB/USDT,balanced,2026-03-03T16:00:00,0.4270783281931114,1.366981128711192,True
BNB/USDT,balanced,2026-03-28T15:00:00,0.3509938808557071,1.268069724000669,True
BNB/USDT,aggressive,2025-12-27T22:00:00,0.3059783614763221,1.0666332079433172,True
BNB/USDT,aggressive,2025-12-31T06:00:00,0.2367988232561521,1.2770437021097254,True
BNB/USDT,aggressive,2025-12-31T06:00:00,0.22226663867083693,1.1986214395307166,True
BNB/USDT,aggressive,2026-01-04T04:00:00,0.21957774932246749,0.9340124079528783,True
BNB/USDT,aggressive,2026-01-04T04:00:00,0.2300522536969456,0.8029270217435996,True
BNB/USDT,aggressive,2026-01-08T06:00:00,0.21188230243062123,-1.322811547159366,False
BNB/USDT,aggressive,2026-01-08T06:00:00,0.3535073523989729,-1.3868970869409378,False
BNB/USDT,aggressive,2026-01-08T06:00:00,0.3743299180322367,-1.3934930142645012,False
BNB/USDT,aggressive,2026-01-08T06:00:00,0.36602996652449254,-1.3527184672900836,False
BNB/USDT,aggressive,2026-01-09T06:00:00,0.3009081173521686,1.4245793444269164,True
BNB/USDT,aggressive,2026-01-14T23:00:00,0.28010174220365475,1.2419356329440059,True
BNB/USDT,aggressive,2026-01-17T10:00:00,0.22814032167839565,1.2377554780350608,True
BNB/USDT,aggressive,2026-01-17T15:00:00,0.20765520567746498,1.2205423969072269,True
BNB/USDT,aggressive,2026-01-21T15:00:00,0.45773904130281157,1.5906739580613247,True
BNB/USDT,aggressive,2026-01-21T15:00:00,0.387487237924633,1.4716190909566436,True
BNB/USDT,aggressive,2026-01-26T01:00:00,0.24553320437015416,1.0399377100375577,True
BNB/USDT,aggressive,2026-01-26T08:00:00,0.4201194078586587,1.13798233483476,True
BNB/USDT,aggressive,2026-01-26T18:00:00,0.417759455167885,1.193324854836737,True
BNB/USDT,aggressive,2026-01-27T16:00:00,0.31468663071397823,1.3269999209470718,True
BNB/USDT,aggressive,2026-02-13T06:00:00,0.7550741018440504,-2.0538680576671062,False
BNB/USDT,aggressive,2026-02-13T15:00:00,0.8231124775771755,1.934603303443775,True
BNB/USDT,aggressive,2026-02-13T15:00:00,0.9987469094214104,1.9577324784336103,True
BNB/USDT,aggressive,2026-02-14T08:00:00,0.7695971352502465,2.273034614061245,True
BNB/USDT,aggressive,2026-02-14T11:00:00,0.7882552488820267,2.187015585161183,True
BNB/USDT,aggressive,2026-02-14T14:00:00,0.7182214192311239,2.0820533278042594,True
BNB/USDT,aggressive,2026-02-14T14:00:00,0.6449910761277967,2.046220641030365,True
BNB/USDT,aggressive,2026-02-16T13:00:00,0.6024651698348975,2.187850340789823,True
BNB/USDT,aggressive,2026-02-16T12:00:00,0.8509064214949548,2.2046188867328453,True
BNB/USDT,aggressive,2026-02-16T13:00:00,0.8973537026343592,2.1370582476558493,True
BNB/USDT,aggressive,2026-02-18T08:00:00,0.6543384776916978,1.8758634617405054,True
BNB/USDT,aggressive,2026-02-20T05:00:00,0.7724759470713219,1.702182256843329,True
BNB/USDT,aggressive,2026-02-20T16:00:00,0.8151090372104381,1.799445716612489,True
BNB/USDT,aggressive,2026-02-20T16:00:00,0.5757772853534238,1.7994137936507844,True
BNB/USDT,aggressive,2026-02-20T16:00:00,0.37599222188063147,1.546194107839042,True
BNB/USDT,aggressive,2026-02-22T05:00:00,0.41693473664054964,-1.685539192435967,False
BNB/USDT,aggressive,2026-02-22T13:00:00,0.43945221974615833,-1.7165707988700694,False
BNB/USDT,aggressive,2026-02-24T14:00:00,0.5952138763781928,-1.8790592040534664,False
BNB/USDT,aggressive,2026-02-25T01:00:00,0.7009279096919495,2.0163920948311445,True
BNB/USDT,aggressive,2026-02-25T12:00:00,0.6055472328949874,1.981330927078373,True
BNB/USDT,aggressive,2026-02-25T12:00:00,0.574954461418465,1.8091310345034128,True
BNB/USDT,aggressive,2026-02-25T13:00:00,0.6638096892649228,1.7838018308397783,True
BNB/USDT,aggressive,2026-02-25T14:00:00,0.7472577165886828,1.7548585079328327,True
BNB/USDT,aggressive,2026-02-25T18:00:00,0.5444662097230102,1.7089722436925987,True
BNB/USDT,aggressive,2026-02-26T15:00:00,0.4091448593159604,-1.700382127732053,False
BNB/USDT,aggressive,2026-02-28T06:00:00,0.4145402525033719,-1.7563065055670155,False
BNB/USDT,aggressive,2026-02-28T06:00:00,0.47564494645383826,-1.7086264685377002,False
BNB/USDT,aggressive,2026-02-28T14:00:00,0.4637782707872524,1.6612222965709138,True
BNB/USDT,aggressive,2026-02-28T14:00:00,0.7425387899664573,1.930542655328326,True
BNB/USDT,aggressive,2026-02-28T18:00:00,0.9688261265831746,2.1260859781506567,True
BNB/USDT,aggressive,2026-02-28T18:00:00,1.1298396210004134,2.0850483470926098,True
BNB/USDT,aggressive,2026-03-02T14:00:00,0.7526839373236384,1.9150055838664513,True
BNB/USDT,aggressive,2026-03-03T16:00:00,0.48413682555223103,1.7539355442722024,True
BNB/USDT,aggressive,2026-03-03T16:00:00,0.582090385743196,1.8048188512518395,True
BNB/USDT,aggressive,2026-03-04T07:00:00,0.4430933328331152,1.8011005432951328,True
BNB/USDT,aggressive,2026-03-03T16:00:00,0.675436424935752,1.9220824064020374,True
BNB/USDT,aggressive,2026-03-09T03:00:00,0.26593183200302983,1.1382797298966427,True
BNB/USDT,aggressive,2026-03-09T03:00:00,0.22683082553494163,1.114193376477332,True
BNB/USDT,aggressive,2026-03-15T22:00:00,0.49416341792542956,1.7900930173185872,True
BNB/USDT,aggressive,2026-03-15T21:00:00,0.491485755908843,1.7712173862970324,True
BNB/USDT,aggressive,2026-03-18T12:00:00,0.335450984267748,-1.621372073008894,False
BNB/USDT,aggressive,2026-03-19T07:00:00,0.3703939605288042,-1.6791783740644914,False
BNB/USDT,aggressive,2026-03-21T23:00:00,0.29681025659941396,-1.5091016172506666,False
BNB/USDT,aggressive,2026-03-25T00:00:00,0.320895746403908,1.3828493673644653,True
BNB/USDT,aggressive,2026-03-24T11:00:00,0.21666548823794635,1.0553620460719915,True
BNB/USDT,aggressive,2026-03-24T23:00:00,0.2823003474880589,1.3779319858244587,True
BNB/USDT,aggressive,2026-03-29T22:00:00,0.2820000452270255,-1.4984503937405274,False
BNB/USDT,aggressive,2026-03-30T01:00:00,0.27048984800580866,1.0549531908273755,True
BNB/USDT,aggressive,2026-03-31T01:00:00,0.2319409751474707,1.1578921958321577,True
BNB/USDT,aggressive,2026-03-31T01:00:00,0.2918551597168778,1.1768301492076039,True
BNB/USDT,aggressive,2026-03-31T09:00:00,0.3141798229334994,-1.3325461539037013,False
BNB/USDT,aggressive,2026-03-31T09:00:00,0.3172417760656883,-1.407259028894819,False
BNB/USDT,aggressive,2026-04-04T19:00:00,0.4880125244533965,1.600271628536703,True
BNB/USDT,aggressive,2026-04-04T19:00:00,0.39996382032736044,1.4896632921070858,True
BNB/USDT,aggressive,2026-04-07T12:00:00,0.21174454045341934,-1.344895014487667,False
BNB/USDT,aggressive,2026-04-07T09:00:00,0.24451111498314265,0.8989140103195433,True
BNB/USDT,aggressive,2026-04-07T09:00:00,0.39680791210588917,1.0085406722857542,True
BNB/USDT,aggressive,2026-04-07T12:00:00,0.3831813609032035,-1.2117528457180895,False
BNB/USDT,aggressive,2026-04-07T09:00:00,0.39437610839155085,0.9681911907067887,True
BNB/USDT,aggressive,2026-04-13T14:00:00,0.2119397559885033,1.1874836430376636,True
BNB/USDT,aggressive,2026-04-13T14:00:00,0.2772224818682556,1.2039053568416487,True
BNB/USDT,aggressive,2026-04-13T14:00:00,0.2004313598403305,0.8576166640702608,True
BNB/USDT,aggressive,2026-04-13T14:00:00,0.2757344107028296,0.8237112137945898,True
BNB/USDT,aggressive,2026-04-13T15:00:00,0.2009222301220013,0.8665209179487913,True
BNB/USDT,aggressive,2026-04-13T22:00:00,0.22838494977640766,0.8267192587243587,True
BNB/USDT,aggressive,2026-04-13T22:00:00,0.2064898958999037,0.956790154302888,True
BNB/USDT,aggressive,2026-04-13T22:00:00,0.2633428706732104,1.023870829540878,True
BNB/USDT,aggressive,2026-04-16T15:00:00,0.32456498948552415,0.9518111946357327,True
BNB/USDT,aggressive,2026-04-20T07:00:00,0.21027134465917757,1.0148178205030147,True
XRP/USDT,conservative,2026-01-13T22:00:00,0.7147340339028585,1.3830265352285689,True
XRP/USDT,conservative,2026-01-13T23:00:00,0.7171255000661951,1.5891991545519537,True
XRP/USDT,conservative,2026-02-13T15:00:00,1.018680015008217,2.083415530410183,True
XRP/USDT,conservative,2026-02-14T08:00:00,0.8666348474246025,1.742156524240088,True
XRP/USDT,conservative,2026-02-14T19:00:00,0.6907448316855316,1.5106724212220453,True
XRP/USDT,conservative,2026-02-15T00:00:00,0.7847448762407203,1.6790586568059116,True
XRP/USDT,conservative,2026-02-15T04:00:00,0.9399933201317304,1.7858122043444766,True
XRP/USDT,conservative,2026-02-15T05:00:00,0.9078521554404962,1.8335568412490626,True
XRP/USDT,conservative,2026-02-15T06:00:00,1.0011795730772728,2.0285925724266027,True
XRP/USDT,conservative,2026-02-24T14:00:00,0.7822477375059813,-1.582493882393329,False
XRP/USDT,conservative,2026-02-24T14:00:00,0.6990843706743127,-1.5348100842100758,False
XRP/USDT,conservative,2026-02-25T01:00:00,0.7629807628149105,1.64726865450472,True
XRP/USDT,conservative,2026-02-24T23:00:00,0.6881192638179323,-1.5367814247888063,False
XRP/USDT,conservative,2026-02-25T01:00:00,0.7221155801104292,1.5474998611359887,True
XRP/USDT,conservative,2026-02-25T01:00:00,0.7637702529186219,1.5368463988249248,True
XRP/USDT,conservative,2026-02-25T01:00:00,0.7526271200080006,1.4914948388327316,True
XRP/USDT,balanced,2026-01-04T11:00:00,0.3261761626060929,1.1417150901928228,True
XRP/USDT,balanced,2026-01-04T12:00:00,0.39310891104275997,1.244708672361352,True
XRP/USDT,balanced,2026-01-05T01:00:00,0.48006530262961306,1.4182745395790806,True
XRP/USDT,balanced,2026-01-13T20:00:00,0.4691335127295861,1.5141970745005526,True
XRP/USDT,balanced,2026-01-13T22:00:00,0.8215001693020471,1.7135292901013428,True
XRP/USDT,balanced,2026-02-13T15:00:00,0.9503284448352776,2.415119564306668,True
XRP/USDT,balanced,2026-02-13T14:00:00,1.1622835913632172,2.4128299772036477,True
XRP/USDT,balanced,2026-02-14T08:00:00,0.7569464597289549,1.8873926121584703,True
XRP/USDT,balanced,2026-02-14T08:00:00,0.963957504317521,1.9690405824889952,True
XRP/USDT,balanced,2026-02-14T08:00:00,0.8536595939861006,2.005663212896043,True
XRP/USDT,balanced,2026-02-14T08:00:00,0.7701706670968641,1.9302185229679172,True
XRP/USDT,balanced,2026-02-14T08:00:00,0.7581738554804731,1.9536873261627057,True
XRP/USDT,balanced,2026-02-14T19:00:00,0.5310867732561836,1.525937949917956,True
XRP/USDT,balanced,2026-02-14T20:00:00,0.6956749717688973,1.675159403696376,True
XRP/USDT,balanced,2026-02-15T00:00:00,0.8063206679909307,1.8438581334408461,True
XRP/USDT,balanced,2026-02-15T00:00:00,0.8830727425710123,2.041313620818125,True
XRP/USDT,balanced,2026-02-15T01:00:00,0.8719351825846582,1.8989318408954619,True
XRP/USDT,balanced,2026-02-15T04:00:00,1.0471097806208016,2.0175468937160947,True
XRP/USDT,balanced,2026-02-15T05:00:00,1.00695129927295,2.0705964902767393,True
XRP/USDT,balanced,2026-02-15T06:00:00,1.104965386151812,2.287302858251787,True
XRP/USDT,balanced,2026-02-24T16:00:00,0.7430990182520003,1.9747333512433105,True
XRP/USDT,balanced,2026-02-24T16:00:00,0.7117499884960508,1.8158399330910013,True
XRP/USDT,balanced,2026-02-24T16:00:00,0.8787686958170036,1.8353485572587849,True
XRP/USDT,balanced,2026-02-24T16:00:00,0.8214633507124711,1.72588811382254,True
XRP/USDT,balanced,2026-02-25T01:00:00,0.848315138883211,1.863609616116345,True
XRP/USDT,balanced,2026-02-25T01:00:00,0.7660807205770637,1.7618357079813356,True
XRP/USDT,balanced,2026-02-25T01:00:00,0.8061984701518728,1.7527554012622106,True
XRP/USDT,balanced,2026-02-25T01:00:00,0.85538922717434,1.7409182209165979,True
XRP/USDT,balanced,2026-02-25T01:00:00,0.8449160128238804,1.690527598703024,True
XRP/USDT,balanced,2026-03-10T08:00:00,0.6547840517492916,1.6914867233254722,True
XRP/USDT,balanced,2026-03-10T09:00:00,0.5912515126168651,1.662612444023503,True
XRP/USDT,balanced,2026-03-13T00:00:00,0.4576340640384296,1.275024821662522,True
XRP/USDT,balanced,2026-03-13T10:00:00,0.5443653284822875,1.5378289418814166,True
XRP/USDT,balanced,2026-03-28T13:00:00,0.41862889215076515,1.3020814663951032,True
XRP/USDT,balanced,2026-03-31T14:00:00,0.39968686516691254,1.3366120204128509,True
XRP/USDT,balanced,2026-03-31T14:00:00,0.41971971325612584,1.3421935165670726,True
XRP/USDT,balanced,2026-04-07T21:00:00,0.3033939823615074,1.069792054992122,True
XRP/USDT,balanced,2026-04-16T02:00:00,0.31681991858279956,1.1853082677530025,True
XRP/USDT,balanced,2026-04-16T03:00:00,0.38838151276648913,1.28899482217253,True
XRP/USDT,balanced,2026-04-16T12:00:00,0.43346464364567433,1.3521387516069239,True
XRP/USDT,aggressive,2026-01-02T16:00:00,0.32418411210007475,1.3784888052137787,True
XRP/USDT,aggressive,2026-01-04T10:00:00,0.30743975147287395,1.38012833542728,True
XRP/USDT,aggressive,2026-01-04T12:00:00,0.52314178008184,1.5020938627410205,True
XRP/USDT,aggressive,2026-01-04T12:00:00,0.6075870842772786,1.6308358404517098,True
XRP/USDT,aggressive,2026-01-05T01:00:00,0.7181496749923265,1.8477931744738416,True
XRP/USDT,aggressive,2026-01-05T01:00:00,0.5982139815305664,1.896759968703978,True
XRP/USDT,aggressive,2026-01-05T01:00:00,0.6269283383327193,2.185251539350291,True
XRP/USDT,aggressive,2026-01-05T16:00:00,0.7022853583338423,2.2413139979569845,True
XRP/USDT,aggressive,2026-01-05T16:00:00,0.7265164492857326,2.304723916930961,True
XRP/USDT,aggressive,2026-01-13T19:00:00,0.5390431389049748,1.8557631610753462,True
XRP/USDT,aggressive,2026-01-14T02:00:00,1.1227682565978891,2.0374590767063645,True
XRP/USDT,aggressive,2026-01-13T23:00:00,1.1170052432769524,2.3238099368777076,True
XRP/USDT,aggressive,2026-01-18T23:00:00,0.6686573066556456,-2.0103971739024913,False
XRP/USDT,aggressive,2026-01-21T14:00:00,0.5613499737313,2.08249219387755,True
XRP/USDT,aggressive,2026-02-13T15:00:00,1.0389438589386502,2.9185995619131324,True
XRP/USDT,aggressive,2026-02-13T15:00:00,1.0070866618113354,3.0146733120245055,True
XRP/USDT,aggressive,2026-02-13T15:00:00,1.5272021594970049,3.0102215700141417,True
XRP/USDT,aggressive,2026-02-14T08:00:00,0.6394177944221604,2.2428481509733196,True
XRP/USDT,aggressive,2026-02-14T09:00:00,1.1884066614441438,2.48732204547521,True
XRP/USDT,aggressive,2026-02-14T09:00:00,1.3240721924072965,2.584202687682219,True
XRP/USDT,aggressive,2026-02-14T09:00:00,1.1207153160978225,2.54034132957056,True
XRP/USDT,aggressive,2026-02-14T08:00:00,1.0148184406840524,2.483792901306647,True
XRP/USDT,aggressive,2026-02-14T20:00:00,0.4729588212345686,1.7035140876925665,True
XRP/USDT,aggressive,2026-02-14T18:00:00,0.6418293327456914,1.9129741771816768,True
XRP/USDT,aggressive,2026-02-14T20:00:00,0.8787250114138785,2.0029129728678496,True
XRP/USDT,aggressive,2026-02-14T23:00:00,1.0826935236823285,2.2147450294750617,True
XRP/USDT,aggressive,2026-02-15T01:00:00,1.169017199485013,2.4634434317184795,True
XRP/USDT,aggressive,2026-02-15T01:00:00,1.2248261926966555,2.6456759313659917,True
XRP/USDT,aggressive,2026-02-15T04:00:00,1.329991924894954,2.4343169575422556,True
XRP/USDT,aggressive,2026-02-15T05:00:00,1.355512679167463,2.623788742464605,True
XRP/USDT,aggressive,2026-02-15T05:00:00,1.4756280527640129,2.794755855468114,True
XRP/USDT,aggressive,2026-02-24T18:00:00,1.0532653561500107,2.543366689054132,True
XRP/USDT,aggressive,2026-02-25T01:00:00,1.0113357364559366,2.3447499163637615,True
XRP/USDT,aggressive,2026-02-24T18:00:00,1.216949447312262,2.369135696573487,True
XRP/USDT,aggressive,2026-02-24T18:00:00,1.1441931034845156,2.2323101422781644,True
XRP/USDT,aggressive,2026-02-25T01:00:00,1.180142492514024,2.4044620201454387,True
XRP/USDT,aggressive,2026-02-25T01:00:00,1.0769242083706172,2.277244634976678,True
XRP/USDT,aggressive,2026-02-25T01:00:00,1.126016566176713,2.2658942515777563,True
XRP/USDT,aggressive,2026-02-25T01:00:00,1.1861965081987829,2.2510977761457465,True
XRP/USDT,aggressive,2026-02-25T01:00:00,1.1722463702631045,2.188109498378789,True
XRP/USDT,aggressive,2026-03-04T09:00:00,1.0456847391883228,2.8402509745009903,True
XRP/USDT,aggressive,2026-03-10T08:00:00,0.637191419144522,2.2118851410773193,True
XRP/USDT,aggressive,2026-03-10T08:00:00,0.7954237417537283,2.2198597478746853,True
XRP/USDT,aggressive,2026-03-10T08:00:00,0.9609360642379845,2.1250779911396784,True
XRP/USDT,aggressive,2026-03-10T14:00:00,0.8600014322380025,2.1532155550293988,True
XRP/USDT,aggressive,2026-03-13T00:00:00,0.6875124288951974,1.6687310270781661,True
XRP/USDT,aggressive,2026-03-13T00:00:00,0.35410694558482403,1.388607447163277,True
XRP/USDT,aggressive,2026-03-13T00:00:00,0.22311599597432918,1.2471025893830043,True
XRP/USDT,aggressive,2026-03-13T13:00:00,0.7231845399115321,2.25023520603228,True
XRP/USDT,aggressive,2026-03-13T17:00:00,0.7276941951966108,-1.9560495711174266,False
XRP/USDT,aggressive,2026-03-15T22:00:00,0.7288497471137405,2.2922764899949852,True
XRP/USDT,aggressive,2026-03-28T13:00:00,0.6401733178147087,1.702551832993879,True
XRP/USDT,aggressive,2026-03-28T13:00:00,0.3311787259554347,1.4742392703353093,True
XRP/USDT,aggressive,2026-03-31T17:00:00,0.47556506075865784,1.6904213600834894,True
XRP/USDT,aggressive,2026-03-31T17:00:00,0.6423755980522184,1.7526918957088398,True
XRP/USDT,aggressive,2026-04-02T02:00:00,0.6238309748997015,-2.112511655443447,False
XRP/USDT,aggressive,2026-04-02T02:00:00,0.6291397036243974,-2.0215013538880973,False
XRP/USDT,aggressive,2026-04-07T14:00:00,0.20004410101825973,-1.3818639802610146,False
XRP/USDT,aggressive,2026-04-07T21:00:00,0.49360640202030726,1.412190068740158,True
XRP/USDT,aggressive,2026-04-07T21:00:00,0.3586750743217768,1.3020880123938023,True
XRP/USDT,aggressive,2026-04-07T20:00:00,0.372511363321491,1.3013721282147266,True
XRP/USDT,aggressive,2026-04-07T21:00:00,0.48766309084779075,1.4927296800772334,True
XRP/USDT,aggressive,2026-04-09T15:00:00,0.24659148991161456,1.261287364986492,True
XRP/USDT,aggressive,2026-04-11T19:00:00,0.44362696152659525,1.699322603425494,True
XRP/USDT,aggressive,2026-04-13T22:00:00,0.4272232294855941,1.7693908467040536,True
XRP/USDT,aggressive,2026-04-13T22:00:00,0.5437039945861194,1.6806087614752825,True
XRP/USDT,aggressive,2026-04-13T19:00:00,0.4072475628323902,1.5317035773370917,True
XRP/USDT,aggressive,2026-04-15T14:00:00,0.24434128419030965,1.085510259932383,True
XRP/USDT,aggressive,2026-04-15T19:00:00,0.25715013699961753,1.102454978935276,True
XRP/USDT,aggressive,2026-04-16T03:00:00,0.44189787890239285,1.5212129037569082,True
XRP/USDT,aggressive,2026-04-16T09:00:00,0.467422286693683,1.6463122712461924,True
XRP/USDT,aggressive,2026-04-16T13:00:00,0.5713697402510487,1.727652506211852,True
XRP/USDT,aggressive,2026-04-16T16:00:00,0.570304159798428,1.8302540855497675,True
XRP/USDT,aggressive,2026-04-16T13:00:00,0.5314645623010996,1.804216544379535,True
XRP/USDT,aggressive,2026-04-16T16:00:00,0.5265068854471588,1.67136325625931,True
XRP/USDT,aggressive,2026-04-16T19:00:00,0.6425520443135309,2.0933655812349414,True
XRP/USDT,aggressive,2026-04-17T13:00:00,0.8191571762155749,2.3658070752021967,True
ADA/USDT,balanced,2026-03-31T15:00:00,0.45371731087206024,-1.770757504295784,False
ADA/USDT,balanced,2026-03-31T16:00:00,0.5359980271243493,-2.0274697552551713,False
ADA/USDT,balanced,2026-04-02T14:00:00,0.5304750487203868,2.0750163179159333,True
ADA/USDT,balanced,2026-04-15T16:00:00,0.5090005368976799,1.8914131868131865,True
ADA/USDT,balanced,2026-04-15T16:00:00,0.5029923450379136,1.9224942249240147,True
ADA/USDT,balanced,2026-04-15T19:00:00,0.31751548989173106,1.4892737357259487,True
ADA/USDT,aggressive,2026-03-31T16:00:00,0.6910064303748527,-2.064949005154941,False
ADA/USDT,aggressive,2026-03-31T16:00:00,0.799450858586427,-2.3730037063061995,False
ADA/USDT,aggressive,2026-04-03T05:00:00,0.7941970047053308,2.6687203973949303,True
ADA/USDT,aggressive,2026-04-15T19:00:00,0.7638678495700536,2.4392164835164896,True
ADA/USDT,aggressive,2026-04-15T17:00:00,0.7571543816979035,2.4780677811550165,True
ADA/USDT,aggressive,2026-04-16T04:00:00,0.5199716055957182,1.936542169657416,True
AVAX/USDT,conservative,2026-01-13T13:00:00,0.8543382734126079,1.7470252980132468,True
AVAX/USDT,conservative,2026-01-16T20:00:00,0.575316495948375,1.253388285073203,True
AVAX/USDT,conservative,2026-02-11T03:00:00,0.8211387734240516,1.763467348336588,True
AVAX/USDT,conservative,2026-02-11T02:00:00,0.7334646473377218,1.6008885418719414,True
AVAX/USDT,conservative,2026-02-11T14:00:00,0.9513746841210751,1.7091965112781784,True
AVAX/USDT,conservative,2026-02-11T14:00:00,0.9741804039711859,1.6688239457377307,True
AVAX/USDT,conservative,2026-02-12T23:00:00,1.08887041930495,2.0134410935960574,True
AVAX/USDT,conservative,2026-02-28T13:00:00,1.1090889797735481,1.9800682786471426,True
AVAX/USDT,conservative,2026-02-28T14:00:00,1.1357249274797416,2.065088074534158,True
AVAX/USDT,conservative,2026-02-28T14:00:00,1.015951788495489,2.0198991304347826,True
AVAX/USDT,balanced,2025-12-30T16:00:00,0.5307972991478896,1.5624659287443796,True
AVAX/USDT,balanced,2026-01-13T13:00:00,0.9493402005119129,1.9744503311258348,True
AVAX/USDT,balanced,2026-01-13T15:00:00,0.3190844787153592,1.1675866405928275,True
AVAX/USDT,balanced,2026-01-13T22:00:00,0.5321049069248237,1.6541334858734527,True
AVAX/USDT,balanced,2026-01-16T21:00:00,0.5365435827396877,1.4314381591562757,True
AVAX/USDT,balanced,2026-01-23T08:00:00,0.4352755950611159,-1.5869132377049213,False
AVAX/USDT,balanced,2026-02-11T03:00:00,0.9096912565354967,1.9927192759295584,True
AVAX/USDT,balanced,2026-02-11T03:00:00,0.8903435808606898,2.054936558963424,True
AVAX/USDT,balanced,2026-02-11T02:00:00,0.8164640918447476,1.812076157635462,True
AVAX/USDT,balanced,2026-02-11T14:00:00,1.0646572651420894,1.9324183458646589,True
AVAX/USDT,balanced,2026-02-11T14:00:00,1.093513603103435,1.887559939708588,True
AVAX/USDT,balanced,2026-02-11T14:00:00,0.669909245960328,1.8225391984034487,True
AVAX/USDT,balanced,2026-02-13T00:00:00,1.2081156533927206,2.270467881773401,True
AVAX/USDT,balanced,2026-02-14T11:00:00,0.6400488368093226,1.8079611067931025,True
AVAX/USDT,balanced,2026-02-20T07:00:00,0.5709231889775225,1.5181043919454598,True
AVAX/USDT,balanced,2026-02-28T13:00:00,1.2335635943563676,2.2333869762746166,True
AVAX/USDT,balanced,2026-02-28T14:00:00,1.2599013415863054,2.3278534161490687,True
AVAX/USDT,balanced,2026-02-28T14:00:00,1.122684058767651,2.277643478260878,True
AVAX/USDT,balanced,2026-03-28T13:00:00,0.8215863605704875,1.9869018348623793,True
AVAX/USDT,balanced,2026-03-31T01:00:00,0.689117717030936,1.8084689588377851,True
AVAX/USDT,balanced,2026-03-31T01:00:00,0.5478090540872161,1.5755402302578188,True
AVAX/USDT,balanced,2026-04-03T12:00:00,0.5368865860519467,1.6078736825036581,True
AVAX/USDT,aggressive,2025-12-27T15:00:00,0.4724639225349731,1.8441657096361728,True
AVAX/USDT,aggressive,2025-12-31T01:00:00,0.7441700542231715,2.0730555561966395,True
AVAX/USDT,aggressive,2025-12-31T01:00:00,0.5855249110405546,2.07305555619664,True
AVAX/USDT,aggressive,2026-01-13T13:00:00,0.8069134041784988,2.6345713177066807,True
AVAX/USDT,aggressive,2026-01-13T14:00:00,0.6476050160147927,1.9661136363636387,True
AVAX/USDT,aggressive,2026-01-13T14:00:00,0.4714676328759474,1.6339734043653669,True
AVAX/USDT,aggressive,2026-01-13T15:00:00,0.5149851972991016,1.5344333007410476,True
AVAX/USDT,aggressive,2026-01-13T22:00:00,0.7871533640769656,2.1426168573418303,True
AVAX/USDT,aggressive,2026-01-14T16:00:00,0.690562351807417,2.2996247343565543,True
AVAX/USDT,aggressive,2026-01-14T16:00:00,0.5964106121385978,2.1524874852420197,True
AVAX/USDT,aggressive,2026-01-17T09:00:00,0.7878202020442568,1.8642476989453618,True
AVAX/USDT,aggressive,2026-01-17T08:00:00,0.6069037342249475,1.8525763859275095,True
AVAX/USDT,aggressive,2026-01-17T14:00:00,0.37118441113209677,1.5997754493850473,True
AVAX/USDT,aggressive,2026-01-21T15:00:00,0.6104988465900192,1.8796324707550465,True
AVAX/USDT,aggressive,2026-01-23T17:00:00,0.47217210736797116,1.8360476933912393,True
AVAX/USDT,aggressive,2026-01-23T14:00:00,0.6630809769767247,-1.8443358852458969,False
AVAX/USDT,aggressive,2026-01-23T17:00:00,0.6261591869805556,1.99885651433271,True
AVAX/USDT,aggressive,2026-02-07T16:00:00,1.298983849651739,3.5308534878165196,True
AVAX/USDT,aggressive,2026-02-11T06:00:00,0.6611358597229708,-2.1977699642043547,False
AVAX/USDT,aggressive,2026-02-11T06:00:00,1.2583223919404234,-2.3630673483366005,False
AVAX/USDT,aggressive,2026-02-11T03:00:00,1.2358896269257853,2.6436206987042667,True
AVAX/USDT,aggressive,2026-02-11T03:00:00,1.1399035971446587,2.340045197044336,True
AVAX/USDT,aggressive,2026-02-11T14:00:00,1.447413154174209,2.490472932330817,True
AVAX/USDT,aggressive,2026-02-11T14:00:00,1.4819010844683407,2.4343999246357417,True
AVAX/USDT,aggressive,2026-02-11T14:00:00,0.9600753829857044,2.353123998004311,True
AVAX/USDT,aggressive,2026-02-12T06:00:00,1.235727789268554,3.156806766917279,True
AVAX/USDT,aggressive,2026-02-13T15:00:00,1.3400410317336822,3.697344329896892,True
AVAX/USDT,aggressive,2026-02-13T15:00:00,1.5292142273440712,3.742762172345998,True
AVAX/USDT,aggressive,2026-02-13T14:00:00,1.6309277323666513,2.9130348522167586,True
AVAX/USDT,aggressive,2026-02-13T16:00:00,0.5251075714703327,1.8810427457842738,True
AVAX/USDT,aggressive,2026-02-14T16:00:00,0.9230764104255205,2.334901383491389,True
AVAX/USDT,aggressive,2026-02-14T16:00:00,0.7704355509823599,2.33777142857144,True
AVAX/USDT,aggressive,2026-02-19T16:00:00,0.49581181948212033,1.5828802955664925,True
AVAX/USDT,aggressive,2026-02-20T07:00:00,0.6320869456644926,1.915671292440756,True
AVAX/USDT,aggressive,2026-02-20T09:00:00,0.7690025578286361,1.8178096601636253,True
AVAX/USDT,aggressive,2026-02-23T07:00:00,0.8615462809658512,2.6816653110047746,True
AVAX/USDT,aggressive,2026-02-28T18:00:00,1.6613953653718687,2.8666837203432607,True
AVAX/USDT,aggressive,2026-02-28T18:00:00,1.6957835370089154,2.9847667701863445,True
AVAX/USDT,aggressive,2026-02-28T18:00:00,1.5261231412618648,2.922004347826096,True
AVAX/USDT,aggressive,2026-03-01T02:00:00,1.4111484334201392,4.220802708533082,True
AVAX/USDT,aggressive,2026-03-01T20:00:00,1.2579006237148787,-3.13589706775152,False
AVAX/USDT,aggressive,2026-03-28T15:00:00,0.7830035626956552,2.5553030927835128,True
AVAX/USDT,aggressive,2026-03-31T01:00:00,0.69298724736234,2.394033617747427,True
AVAX/USDT,aggressive,2026-03-31T01:00:00,0.8872242352792178,2.370741071428575,True
AVAX/USDT,aggressive,2026-03-31T01:00:00,0.6952265531456284,2.1197162595049295,True
AVAX/USDT,aggressive,2026-03-31T09:00:00,0.7628247141569005,-2.035953111899391,False
AVAX/USDT,aggressive,2026-04-01T05:00:00,0.9861896525356031,2.5724066443282103,True
AVAX/USDT,aggressive,2026-04-03T12:00:00,0.7920337361339905,2.0847921031295535,True
AVAX/USDT,aggressive,2026-04-03T16:00:00,0.518893170389314,1.9231475735175956,True
AVAX/USDT,aggressive,2026-04-03T16:00:00,0.4786390175191566,1.713821860502309,True
AVAX/USDT,aggressive,2026-04-06T01:00:00,0.5551503225216449,1.8224842951750353,True
LINK/USDT,aggressive,2026-01-01T22:00:00,0.5307443317557226,2.510533430198776,True
LINK/USDT,aggressive,2026-01-08T07:00:00,0.515608721190073,-2.370717713430926,False
LINK/USDT,aggressive,2026-01-13T14:00:00,0.5000177374322914,2.0785444656488594,True
LINK/USDT,aggressive,2026-01-18T23:00:00,0.7186777512261324,-2.7126028052325606,False
LINK/USDT,aggressive,2026-01-21T16:00:00,0.5751442414190089,-2.270279364560224,False
LINK/USDT,aggressive,2026-01-21T05:00:00,0.4922438911535109,2.520573408769452,True
LINK/USDT,aggressive,2026-02-16T13:00:00,0.8056125021539344,3.4212772434839938,True
LINK/USDT,aggressive,2026-02-28T18:00:00,0.745486414978222,3.037030842978054,True
LINK/USDT,aggressive,2026-02-28T18:00:00,0.7599515322618338,3.2523102522024323,True
LINK/USDT,aggressive,2026-03-02T01:00:00,0.8437683066355718,3.464747772029385,True
LINK/USDT,aggressive,2026-03-06T12:00:00,0.6428593852791415,-2.6807921258870606,False
LINK/USDT,aggressive,2026-03-15T22:00:00,0.8379067134511732,3.3119571271066404,True
LINK/USDT,aggressive,2026-03-15T22:00:00,0.7974245649111908,3.2569912724692576,True
LINK/USDT,aggressive,2026-04-07T11:00:00,0.33565218000300645,-1.8839576967930014,False
LINK/USDT,aggressive,2026-04-13T14:00:00,0.32451256602949025,1.907765524028213,True
LINK/USDT,aggressive,2026-04-15T14:00:00,0.5140787887466935,2.3399767558528453,True
DOT/USDT,conservative,2026-02-24T16:00:00,0.7415883929786278,1.6738899976846362,True
DOT/USDT,balanced,2026-01-18T18:00:00,0.32344138775917736,1.180238916256141,True
DOT/USDT,balanced,2026-02-25T01:00:00,0.8218739632987135,1.893188886316268,True
DOT/USDT,aggressive,2025-12-31T16:00:00,0.7252736584257702,-2.2827874033149156,False
DOT/USDT,aggressive,2026-01-17T05:00:00,0.7759582989291669,2.3570722751576407,True
DOT/USDT,aggressive,2026-01-18T22:00:00,0.48782640620892803,1.5507837587006794,True
DOT/USDT,aggressive,2026-01-18T18:00:00,0.43378135020813446,1.5559505816658723,True
DOT/USDT,aggressive,2026-01-18T16:00:00,0.3769667589853334,1.5330467812019548,True
DOT/USDT,aggressive,2026-02-11T14:00:00,0.6670440440906611,1.9382852450469186,True
DOT/USDT,aggressive,2026-02-25T01:00:00,0.8650056751747124,2.3916102956461316,True
DOT/USDT,aggressive,2026-04-03T06:00:00,0.8443028533429375,2.6650336751435666,True
DOT/USDT,aggressive,2026-04-03T05:00:00,0.6896424545829475,2.3795257460056543,True
DOT/USDT,aggressive,2026-04-06T10:00:00,0.6837295403335962,2.2516274686121562,True
DOT/USDT,aggressive,2026-04-06T09:00:00,0.5127028004032169,1.6626911917978962,True
DOT/USDT,aggressive,2026-04-07T21:00:00,0.5463789541685794,1.8067895058105454,True
